"39123100 - Carboxyméthylcellulose et ses sels, sous formes primaires"
"Résultats  annuels 2025"
"Données brutes, CAF-FAB hors matériel militaire, non estimées des données sous le seuil de collecte et des données tardives"
"Pour les données annuelles : Valeurs en euros, masse en kilogrammes, pas de quantités disponibles pour ce produit "
"Pour les données mensuelles : Valeurs en euros, masse en kilogrammes, pas de quantités disponibles pour ce produit "
"Source : Lekiosque.finances.gouv.fr - Données extraites le : 31/03/2026"

Les données annuelles

"Exportations"
"Zone - Pays";"Valeur 2023";"Masse 2023";"Quantités 2023";"Valeur 2024";"Masse 2024";"Quantités 2024";"Valeur 2025";"Masse 2025";"Quantités 2025"
"Total";59453641;10945978;0;71231021;14209721;0;71427615;14130510;0
"Europe";35698048;7082351;0;35668425;7503858;0;31803960;6846952;0
"UE(27)";28284535;5829006;0;29828907;6343753;0;25656020;5392843;0
"UE14";21177285;4486718;0;22725975;4969179;0;17015088;3760506;0
"Zone Euro";15501288;3515214;0;13971161;3270388;0;12902314;3060753;0
"NEM";7107250;1342288;0;7102932;1374574;0;8640932;1632337;0
"Afrique";4599207;561492;0;2960510;416319;0;2692799;356816;0
"Amérique";3564185;737294;0;13464920;3156729;0;18004761;3958833;0
"Proche et Moyen-Orient";742658;108203;0;1005571;169832;0;1109913;176342;0
"Asie";14849493;2456628;0;18131595;2962983;0;17816147;2791566;0
"Divers non classifiés ailleurs";50;10;0;0;0;0;35;1;0
"Europe hors UE";7413513;1253345;0;5839518;1160105;0;6147940;1454109;0
"Etats-Unis d Amérique";1712648;406046;0;8405226;2137439;0;11646336;2706442;0
"Chine";2686020;523996;0;2786420;524884;0;5202234;735789;0
"Hongrie";2809386;415390;0;3191846;449875;0;5124111;756253;0
"Royaume-Uni";5735945;1057384;0;4517293;1000147;0;4932553;1292551;0
"Allemagne";4124012;962266;0;4606991;1152062;0;4442490;1134158;0
"Danemark";5465977;935731;0;8159259;1625508;0;4099720;706569;0
"Inde";2693695;386664;0;3346566;368885;0;3134593;352175;0
"Corée du Sud";2227717;238170;0;3294291;414975;0;2482672;308780;0
"République dominicaine";337927;61378;0;1634456;355907;0;2478477;524105;0
"Pologne";2488244;651028;0;2107037;617599;0;1973156;604014;0
"Irlande";3950711;938922;0;2109848;531912;0;1624474;420770;0
"Indonésie";1999427;401875;0;2744342;581552;0;1620785;380926;0
"Pakistan";1346162;247925;0;1447216;280525;0;1474048;281150;0
"Espagne";1202131;249800;0;1155497;273230;0;1360614;297866;0
"Italie";1343625;372985;0;1288388;362532;0;1354557;372882;0
"Autriche";1094949;233613;0;1215931;228417;0;1186240;224850;0
"Autres pays";18235065;2862805;0;19220414;3304272;0;17290555;3031230;0

"Importations"
"Zone - Pays";"Valeur 2023";"Masse 2023";"Quantités 2023";"Valeur 2024";"Masse 2024";"Quantités 2024";"Valeur 2025";"Masse 2025";"Quantités 2025"
"Total";15899331;3637719;0;11359867;2952037;0;9854737;2464847;0
"Europe";13243329;3186709;0;10153778;2725137;0;8135138;2179419;0
"UE(27)";12999118;3114020;0;10019767;2683775;0;7957688;2125759;0
"UE14";12995385;3113750;0;10000469;2681147;0;7927361;2121732;0
"Zone Euro";12981516;3113250;0;9913608;2668997;0;7893499;2119382;0
"NEM";3733;270;0;19298;2628;0;30327;4027;0
"Amérique";568912;54605;0;312563;28457;0;662398;64978;0
"Proche et Moyen-Orient";591;44;0;45282;6000;0;71;20;0
"Asie";775933;141770;0;691224;170583;0;839375;171760;0
"Divers non classifiés ailleurs";1310566;254591;0;157020;21860;0;217755;48670;0
"Europe hors UE";244211;72689;0;134011;41362;0;177450;53660;0
"Allemagne";3071098;319208;0;1737274;386048;0;2608756;417536;0
"Pays-Bas";1575834;308011;0;3124489;276464;0;1690310;298003;0
"Italie";1323146;513550;0;1514650;613256;0;1337968;529410;0
"Brésil";539722;53125;0;252562;24002;0;625893;62800;0
"Autriche";1453051;554400;0;1047499;436650;0;560147;251051;0
"Finlande";1190651;287021;0;809905;224960;0;548012;173655;0
"Irlande";2402005;300735;0;867449;83157;0;473482;25260;0
"Chine";499499;120103;0;551747;159027;0;446649;135883;0
"Belgique";1613228;742541;0;584037;590998;0;401914;326885;0
"Espagne";350113;85784;0;227621;57325;0;260130;85582;0
"Inde";220143;17220;0;122380;10504;0;235224;19147;0
"Retour France";1233893;244830;0;152782;21596;0;194949;47330;0
"Autres pays";426948;91191;0;367472;68050;0;471303;92305;0

Les données mensuelles
"Pour les données mensuelles : Valeurs en euros, masse en kilogrammes, pas de quantités disponibles pour ce produit "

"Flux";"Variable quantitative";"Libelle pays";"12.2024                  ";"01.2025                  ";"02.2025                  ";"03.2025                  ";"04.2025                  ";"05.2025                  ";"06.2025                  ";"07.2025                  ";"08.2025                  ";"09.2025                  ";"10.2025                  ";"11.2025                  ";"12.2025                  "
"Exportation";"Valeur en euros";"Total";6393329;5583985;6329564;7498371;6572515;6889208;5025346;5067036;5713569;7167678;4980072;5370272;5229999
"Exportation";"Valeur en euros";"Etats-Unis d Amérique";1534185;718216;701717;1305275;1778864;1698493;596632;1006798;1070184;1057501;309864;727342;675450
"Exportation";"Valeur en euros";"Hongrie";17876;413071;147838;526557;246841;552045;530343;382160;498643;508013;291731;372632;654237
"Exportation";"Valeur en euros";"Chine";183728;446827;285802;385894;270077;712920;358871;174946;386561;337456;374043;1059259;409578
"Exportation";"Valeur en euros";"Inde";276834;149744;273583;493136;159718;372880;185384;157110;137072;465362;206323;196933;337348
"Exportation";"Valeur en euros";"Royaume-Uni";221994;535069;272667;310851;504351;385966;375793;519395;369916;553565;715214;126550;263216
"Exportation";"Valeur en euros";"Pologne";143726;146260;235921;85972;67625;177799;157237;125003;256998;129816;261177;91677;237671
"Exportation";"Valeur en euros";"Espagne";58813;124357;138495;153697;59715;108822;133549;93488;100093;107853;83909;71787;184849
"Exportation";"Valeur en euros";"Indonésie";285740;0;98959;519374;72832;88437;78459;138379;52824;260476;0;129703;181342
"Exportation";"Valeur en euros";"République tchčque";1940;11096;39569;70232;36593;18274;39214;69287;5611;38952;71696;15245;159048
"Exportation";"Valeur en euros";"Corée du Sud";809837;179746;137932;621465;140178;47279;3465;407447;252812;114877;307450;114511;155510
"Exportation";"Valeur en euros";"Irlande";74603;125114;238900;78557;153259;151700;74580;78795;78284;174564;150362;171098;149261
"Exportation";"Valeur en euros";"Allemagne";147906;394225;539392;337146;408352;409626;271766;256825;300878;683583;466614;242661;131422
"Exportation";"Valeur en euros";"Philippines";74131;14453;170;193707;95180;149057;0;9809;216854;100866;0;0;124773
"Exportation";"Valeur en euros";"Pakistan";178151;82868;247199;44257;67421;135759;61159;278530;0;39588;37428;359383;120456
"Exportation";"Valeur en euros";"Italie";23630;261845;101578;83899;126315;89629;91327;89181;79748;137031;89501;90869;113634
"Exportation";"Valeur en euros";"Argentine";168296;47500;136500;9286;195977;136450;56449;92925;45500;62855;6145;136500;105426
"Exportation";"Valeur en euros";"Belgique";44715;87794;48278;102758;11350;167620;108847;66816;85199;45022;7635;123682;93463
"Exportation";"Valeur en euros";"Thaďlande";65164;144435;0;102114;111178;0;43991;0;0;127236;2292;88189;91000
"Exportation";"Valeur en euros";"Turquie";28253;73795;59591;62087;49241;98387;9700;83388;13100;122864;75605;1178;89577
"Exportation";"Valeur en euros";"Emirats Arabes Unis";55285;0;0;12860;58494;27504;55655;38095;0;16719;0;21659;84860
"Exportation";"Valeur en euros";"Taďwan";0;0;9242;0;24581;0;0;0;6367;12641;0;6561;76200
"Exportation";"Valeur en euros";"Brésil";110675;31265;128888;213754;26538;52240;70270;16189;54118;94262;35788;50408;69589
"Exportation";"Valeur en euros";"Autriche";104372;98848;138971;118466;111020;110677;98080;111720;72011;100698;160687;2822;62240
"Exportation";"Valeur en euros";"Bangladesh";138249;79;90406;57585;2355;0;118363;3316;0;60297;64861;6402;60660
"Exportation";"Valeur en euros";"Ouganda";0;0;0;0;0;0;59500;0;0;0;0;0;59500
"Exportation";"Valeur en euros";"Malaysie";18372;27228;0;0;38322;19790;6724;0;19532;33732;57696;0;52768
"Exportation";"Valeur en euros";"Mexique";182928;39026;97690;0;57130;87736;0;133556;161091;189205;117343;24666;50541
"Exportation";"Valeur en euros";"Pays-Bas";49402;46054;73910;97531;34979;60366;37554;56542;29143;47709;61658;29444;48086
"Exportation";"Valeur en euros";"Afrique du Sud";77353;196063;80787;56321;2302;18695;15273;9264;19463;23860;0;66489;45921
"Exportation";"Valeur en euros";"Danemark";892468;383430;876001;517175;479789;148284;435930;78855;207546;482739;446698;0;43273
"Exportation";"Valeur en euros";"Vietnam";0;106048;71091;8501;100188;0;0;49935;58800;119835;48175;89175;39638
"Exportation";"Valeur en euros";"Luxembourg";62240;97;93414;31722;0;62438;31285;189;101217;46746;33918;34047;34168
"Exportation";"Valeur en euros";"Egypte";0;192462;0;240906;38878;947;211600;25880;59625;0;36606;0;33043
"Exportation";"Valeur en euros";"Bulgarie";22512;52551;36563;17546;37899;22761;34763;6657;18510;47826;1873;26983;28660
"Exportation";"Valeur en euros";"Maroc";39;0;11200;77713;4203;33890;0;29859;0;0;23080;11564;26967
"Exportation";"Valeur en euros";"Nouvelle-Zélande";0;22722;0;0;0;0;0;6650;11350;10639;13625;8016;22063
"Exportation";"Valeur en euros";"Arabie Saoudite";1150;0;9280;3350;22748;0;41695;0;0;0;5050;0;17255
"Exportation";"Valeur en euros";"Singapour";0;3151;0;11731;12295;0;2916;0;8437;0;0;0;13210
"Exportation";"Valeur en euros";"Norvčge (yc Svalbard)";0;0;20020;0;0;41452;0;0;0;0;15936;12850;12750
"Exportation";"Valeur en euros";"Serbie";17252;14751;13935;8746;0;13825;10521;31550;1864;12200;1186;0;12643
"Exportation";"Valeur en euros";"Australie";13817;2241;24477;12154;22283;21400;12997;8680;0;8563;20957;8821;12353
"Exportation";"Valeur en euros";"Canada";2069;170;0;48886;31790;52830;101614;145572;0;189378;2826;11202;12295
"Exportation";"Valeur en euros";"Colombie";0;0;0;3631;0;0;79;0;0;1511;22079;0;9514
"Exportation";"Valeur en euros";"Japon";1606;31703;23625;21518;27416;84914;59975;1029;5885;31329;10616;91359;5376
"Exportation";"Valeur en euros";"Suisse";2471;3036;6180;22135;13121;1617;4054;11887;17603;7253;1195;2659;4926
"Exportation";"Valeur en euros";"Grčce";3830;29198;27726;37898;42814;12036;16688;43277;9096;16976;15477;13811;4328
"Exportation";"Valeur en euros";"Arménie";6686;0;7478;0;0;17870;0;0;0;0;0;0;2237
"Exportation";"Valeur en euros";"Tunisie";0;1481;0;0;2145;13012;0;1098;2072;5980;1730;0;2210
"Exportation";"Valeur en euros";"Uruguay";0;0;0;0;0;0;0;0;0;0;0;0;1884
"Exportation";"Valeur en euros";"Portugal";3401;7458;9628;15695;15710;4736;6381;20338;8235;3430;23445;8108;1781
"Exportation";"Valeur en euros";"Jordanie";2022;0;0;0;0;0;0;0;2387;0;0;0;835
"Exportation";"Valeur en euros";"Sučde";12645;62020;46857;2046;63739;31215;14760;35142;39320;85;73236;7409;801
"Exportation";"Valeur en euros";"Chili";0;2882;0;13579;0;8650;7886;0;32484;0;0;8928;163
"Exportation";"Valeur en euros";"Costa Rica";0;7225;0;0;0;0;0;1691;0;725;0;0;0
"Exportation";"Valeur en euros";"Côte d Ivoire";0;0;0;0;0;0;0;0;0;3568;7054;0;0
"Exportation";"Valeur en euros";"Bosnie-Herzégovine";0;0;0;4342;0;0;0;0;1596;5072;0;0;0
"Exportation";"Valeur en euros";"Bolivie";1343;0;3671;0;0;1293;1339;0;0;0;0;0;0
"Exportation";"Valeur en euros";"Guinée";0;0;7619;0;0;0;0;0;0;0;0;0;0
"Exportation";"Valeur en euros";"Hong-Kong";0;0;36;0;0;27;0;0;0;0;0;55;0
"Exportation";"Valeur en euros";"Croatie";890;24050;9021;0;24050;1431;2002;30201;284;0;0;0;0
"Exportation";"Valeur en euros";"Finlande";0;23920;0;23920;3500;0;23920;61;28099;6036;0;25956;0
"Exportation";"Valeur en euros";"Géorgie";0;1200;0;0;2562;327;0;0;0;0;0;0;0
"Exportation";"Valeur en euros";"Ghana";4940;0;0;5240;0;0;0;5240;0;0;0;0;0
"Exportation";"Valeur en euros";"Algérie";1163;0;117104;68980;37500;48951;4142;24285;0;25548;1017;417998;0
"Exportation";"Valeur en euros";"Ethiopie";0;3197;0;0;0;0;0;0;0;0;0;0;0
"Exportation";"Valeur en euros";"République dominicaine";150035;0;374462;0;520505;299688;75149;96503;587265;386923;0;137982;0
"Exportation";"Valeur en euros";"Andorre";0;0;35;0;0;0;0;0;0;0;0;0;0
"Exportation";"Valeur en euros";"Russie";14947;0;0;15255;0;0;7497;0;0;0;0;22775;0
"Exportation";"Valeur en euros";"Slovénie";0;1980;5434;0;4205;1320;6461;5000;660;0;3634;1320;0
"Exportation";"Valeur en euros";"Slovaquie";0;40304;0;40172;40205;0;0;0;40229;0;40120;40309;0
"Exportation";"Valeur en euros";"Sénégal";0;0;0;0;0;0;44;139;0;0;0;0;0
"Exportation";"Valeur en euros";"Swaziland";0;89672;0;0;0;0;42722;0;0;41177;0;0;0
"Exportation";"Valeur en euros";"Ukraine";0;13058;3949;7928;5868;0;3650;0;16920;6269;0;5808;0
"Exportation";"Valeur en euros";"Trinité et Tobago";0;0;0;0;0;9257;0;0;5424;0;0;0;0
"Exportation";"Valeur en euros";"Liban";47250;65452;0;110476;0;0;60079;853;0;0;96760;0;0
"Exportation";"Valeur en euros";"Lettonie";0;148;0;0;275;74;0;0;0;0;0;74;0
"Exportation";"Valeur en euros";"Sri Lanka";0;0;0;0;0;12765;0;0;0;28682;0;0;0
"Exportation";"Valeur en euros";"Lituanie";0;0;0;0;0;423;0;0;0;0;190;0;0
"Exportation";"Valeur en euros";"Iran";0;0;67900;0;0;0;0;0;0;0;0;0;0
"Exportation";"Valeur en euros";"Irak";0;0;0;5067;0;0;0;0;0;0;0;0;0
"Exportation";"Valeur en euros";"Israël";33718;0;74848;5320;52368;2843;49607;7501;44437;2015;2878;43063;0
"Exportation";"Valeur en euros";"Paraguay";0;0;0;0;1239;0;0;0;0;0;0;0;0
"Exportation";"Valeur en euros";"Roumanie";0;0;50940;2270;54432;60746;30846;0;30273;29635;1188;12350;0
"Exportation";"Valeur en euros";"Pérou";18677;0;13085;69805;0;0;85170;0;61949;935;74501;0;0
"Exportation";"Valeur en euros";"Népal";0;0;0;0;0;0;1376;0;0;0;0;0;0
"Exportation";"Valeur en euros";"Nouvelle Calédonie";0;0;0;0;0;35;0;0;0;0;0;0;0
"Exportation";"Valeur en euros";"Madagascar";0;0;0;0;0;0;13;0;0;0;0;0;0
"Exportation";"Valeur en euros";"Ancienne république yougoslave de Macédoine";0;3400;0;1883;0;0;0;0;0;0;0;0;0
"Exportation";"Masse en kilogramme";"Total";1262558;1072013;1322238;1392751;1380547;1394554;958723;1015020;1145362;1513837;998754;917013;1019698
"Exportation";"Masse en kilogramme";"Etats-Unis d Amérique";374557;154595;161870;303673;414100;399332;145195;228552;250263;249292;74589;166395;158586
"Exportation";"Masse en kilogramme";"Hongrie";2108;57756;19321;77020;39420;76899;76955;57741;76915;79974;39422;58700;96130
"Exportation";"Masse en kilogramme";"Royaume-Uni";45081;134954;72718;67373;120696;104382;111132;136754;71749;183377;185640;26166;77610
"Exportation";"Masse en kilogramme";"Pologne";45508;38496;67222;26138;29778;55218;47782;44929;67535;38487;90498;28475;69456
"Exportation";"Masse en kilogramme";"Indonésie";62425;0;19251;115250;20000;19250;20400;32000;10000;66250;0;31025;47500
"Exportation";"Masse en kilogramme";"Chine";28225;63800;60354;57636;54527;86500;38360;29551;65434;60897;47337;126768;44625
"Exportation";"Masse en kilogramme";"Irlande";20190;32812;61675;20725;40690;40450;20000;20375;20251;43376;40000;40301;40115
"Exportation";"Masse en kilogramme";"Inde";28961;18900;29875;55013;18797;45400;15882;24600;9957;52725;27614;14300;39112
"Exportation";"Masse en kilogramme";"Allemagne";37429;102267;143237;88781;103528;111315;69941;59760;70770;177716;115385;56865;34593
"Exportation";"Masse en kilogramme";"Italie";7434;73616;25441;29598;29530;24988;22300;23047;23167;35749;30503;21364;33579
"Exportation";"Masse en kilogramme";"Espagne";14293;28296;33214;30168;15956;27603;26512;21012;25527;22279;19654;17359;30286
"Exportation";"Masse en kilogramme";"Philippines";16600;2000;0;35400;20000;36000;0;1300;50000;19500;0;0;30000
"Exportation";"Masse en kilogramme";"Pakistan";29825;16075;48250;7000;13750;27800;14000;37750;0;3000;7000;79025;27500
"Exportation";"Masse en kilogramme";"Belgique";12094;21342;11692;24742;2619;40045;23340;17550;21933;11710;1205;19926;22779
"Exportation";"Masse en kilogramme";"République tchčque";306;2304;5921;10762;807;2820;5926;11207;316;5187;10427;3192;21752
"Exportation";"Masse en kilogramme";"Argentine";32900;10075;30000;900;40675;30000;11225;20300;10000;10950;400;30000;21650
"Exportation";"Masse en kilogramme";"Taďwan";0;0;2000;0;4000;0;0;0;1000;2250;0;1250;20000
"Exportation";"Masse en kilogramme";"Thaďlande";10500;28000;0;21500;19000;0;10000;0;0;30175;100;20000;20000
"Exportation";"Masse en kilogramme";"Brésil";7625;2725;24075;23575;2425;9225;13425;3475;11320;30600;7000;10775;18375
"Exportation";"Masse en kilogramme";"Bangladesh";14600;0;4000;6000;100;0;12500;189;0;18000;3000;1000;18000
"Exportation";"Masse en kilogramme";"Corée du Sud";100350;18675;16375;72425;8225;5080;125;63000;32925;17100;47650;10600;16600
"Exportation";"Masse en kilogramme";"Mexique";41650;10150;20025;0;12075;20822;0;28189;39850;48150;28305;5100;13025
"Exportation";"Masse en kilogramme";"Afrique du Sud";30797;21000;15010;22267;400;7883;2150;1625;4753;5789;0;5375;12956
"Exportation";"Masse en kilogramme";"Autriche";15400;16340;28278;24400;19715;18350;19200;24813;14250;19655;26700;1024;12125
"Exportation";"Masse en kilogramme";"Malaysie";1000;5000;0;0;8000;3000;617;0;4000;7000;12100;0;10675
"Exportation";"Masse en kilogramme";"Ouganda";0;0;0;0;0;0;10000;0;0;0;0;0;10000
"Exportation";"Masse en kilogramme";"Pays-Bas";12450;11265;18962;24625;7679;13609;9373;12916;7177;8297;14229;4598;8676
"Exportation";"Masse en kilogramme";"Turquie";2500;5375;6325;7583;13090;11509;4320;4960;2000;21250;11200;30;8084
"Exportation";"Masse en kilogramme";"Danemark";187678;68675;184000;99250;72228;19350;58600;18775;29025;80941;68050;0;7675
"Exportation";"Masse en kilogramme";"Luxembourg";8000;56;12031;4371;0;8113;4103;94;13046;6041;6001;6083;6151
"Exportation";"Masse en kilogramme";"Vietnam";0;22000;14000;1050;22000;0;0;12000;13000;28000;12000;22000;6050
"Exportation";"Masse en kilogramme";"Canada";700;50;0;6025;1000;15625;13525;11695;0;9530;1000;1146;4205
"Exportation";"Masse en kilogramme";"Emirats Arabes Unis";11500;0;0;2000;12000;1800;11800;1200;0;2800;0;3600;4175
"Exportation";"Masse en kilogramme";"Maroc";1;0;1000;14901;100;4250;0;1824;0;0;4000;1024;4100
"Exportation";"Masse en kilogramme";"Bulgarie";4412;8565;7490;3400;6526;4050;6260;1203;3175;8400;300;4903;4000
"Exportation";"Masse en kilogramme";"Australie";3859;1008;2157;1175;2650;2202;1665;1050;0;750;2439;738;2344
"Exportation";"Masse en kilogramme";"Nouvelle-Zélande";0;2500;0;0;0;0;0;500;1000;575;1125;1000;2154
"Exportation";"Masse en kilogramme";"Singapour";0;250;0;907;2000;0;250;0;1500;0;0;0;2068
"Exportation";"Masse en kilogramme";"Arabie Saoudite";25;0;300;100;2000;0;5400;0;0;0;50;0;2000
"Exportation";"Masse en kilogramme";"Egypte";0;23500;0;36750;10000;25;40000;550;13750;0;1500;0;2000
"Exportation";"Masse en kilogramme";"Tunisie";0;75;0;0;65;625;0;300;594;1000;40;0;1707
"Exportation";"Masse en kilogramme";"Suisse";570;1716;3618;3515;4341;1100;1222;3309;4330;429;328;585;1433
"Exportation";"Masse en kilogramme";"Grčce";1260;5450;3260;5427;7611;2649;3535;9197;1696;3075;3981;4524;1381
"Exportation";"Masse en kilogramme";"Norvčge (yc Svalbard)";0;0;1000;0;0;6858;0;0;0;0;800;1250;1250
"Exportation";"Masse en kilogramme";"Japon";25;4600;2825;1153;2250;13600;6900;200;250;2025;1400;18225;1025
"Exportation";"Masse en kilogramme";"Serbie";1149;1056;1123;262;0;1025;312;6000;61;1000;145;0;1006
"Exportation";"Masse en kilogramme";"Arménie";1890;0;2100;0;0;5340;0;0;0;0;0;0;630
"Exportation";"Masse en kilogramme";"Colombie";0;0;0;720;0;0;0;0;0;25;400;0;215
"Exportation";"Masse en kilogramme";"Portugal";942;2303;3017;5630;3228;1273;2073;5693;2296;934;6428;2413;158
"Exportation";"Masse en kilogramme";"Jordanie";200;0;0;0;0;0;0;0;105;0;0;0;75
"Exportation";"Masse en kilogramme";"Sučde";1205;11000;9150;100;12225;6127;3000;6013;6350;15;14100;1075;57
"Exportation";"Masse en kilogramme";"Uruguay";0;0;0;0;0;0;0;0;0;0;0;0;50
"Exportation";"Masse en kilogramme";"Andorre";0;0;1;0;0;0;0;0;0;0;0;0;0
"Exportation";"Masse en kilogramme";"Slovénie";0;409;250;0;152;100;281;125;309;0;100;100;0
"Exportation";"Masse en kilogramme";"Swaziland";0;10000;0;0;0;0;5000;0;0;5000;0;0;0
"Exportation";"Masse en kilogramme";"Sénégal";0;0;0;0;0;0;1;0;0;0;0;0;0
"Exportation";"Masse en kilogramme";"Slovaquie";0;8539;0;8511;8518;0;0;0;8523;0;8500;8540;0
"Exportation";"Masse en kilogramme";"Trinité et Tobago";0;0;0;0;0;925;0;0;925;0;0;0;0
"Exportation";"Masse en kilogramme";"Ukraine";0;1850;100;1600;1021;0;100;0;900;850;0;150;0
"Exportation";"Masse en kilogramme";"Iran";0;0;22000;0;0;0;0;0;0;0;0;0;0
"Exportation";"Masse en kilogramme";"Irak";0;0;0;200;0;0;0;0;0;0;0;0;0
"Exportation";"Masse en kilogramme";"Israël";6050;0;13275;200;10300;125;10525;350;10100;125;100;7904;0
"Exportation";"Masse en kilogramme";"Sri Lanka";0;0;0;0;0;1500;0;0;0;4000;0;0;0
"Exportation";"Masse en kilogramme";"Liban";1300;10250;0;20000;0;0;10000;183;0;0;11300;0;0
"Exportation";"Masse en kilogramme";"Lettonie";0;7;0;0;33;4;0;0;0;0;0;4;0
"Exportation";"Masse en kilogramme";"Lituanie";0;0;0;0;0;88;0;0;0;0;40;0;0
"Exportation";"Masse en kilogramme";"Paraguay";0;0;0;0;25;0;0;0;0;0;0;0;0
"Exportation";"Masse en kilogramme";"Russie";200;0;0;200;0;0;100;0;0;0;0;300;0
"Exportation";"Masse en kilogramme";"Roumanie";0;0;10600;650;11400;12250;6588;0;6350;6011;600;2700;0
"Exportation";"Masse en kilogramme";"Pérou";2725;0;2025;12000;0;0;15095;0;12000;25;13125;0;0
"Exportation";"Masse en kilogramme";"Népal";0;0;0;0;0;0;25;0;0;0;0;0;0
"Exportation";"Masse en kilogramme";"Nouvelle Calédonie";0;0;0;0;0;1;0;0;0;0;0;0;0
"Exportation";"Masse en kilogramme";"Ancienne république yougoslave de Macédoine";0;100;0;50;0;0;0;0;0;0;0;0;0
"Exportation";"Masse en kilogramme";"Costa Rica";0;1250;0;0;0;0;0;300;0;25;0;0;0
"Exportation";"Masse en kilogramme";"Chili";0;719;0;1925;0;1000;1075;0;1125;0;0;500;0
"Exportation";"Masse en kilogramme";"Côte d Ivoire";0;0;0;0;0;0;0;0;0;796;900;0;0
"Exportation";"Masse en kilogramme";"Bosnie-Herzégovine";0;0;0;125;0;0;0;0;299;150;0;0;0
"Exportation";"Masse en kilogramme";"Bolivie";25;0;100;0;0;25;25;0;0;0;0;0;0
"Exportation";"Masse en kilogramme";"Hong-Kong";0;0;2;0;0;1;0;0;0;0;0;2;0
"Exportation";"Masse en kilogramme";"Croatie";560;5000;4250;0;5000;298;200;8125;22;0;0;0;0
"Exportation";"Masse en kilogramme";"Géorgie";0;161;0;0;630;1;0;0;0;0;0;0;0
"Exportation";"Masse en kilogramme";"Guinée";0;0;1000;0;0;0;0;0;0;0;0;0;0
"Exportation";"Masse en kilogramme";"Ghana";1000;0;0;1000;0;0;0;1000;0;0;0;0;0
"Exportation";"Masse en kilogramme";"Finlande";0;4000;0;4000;400;0;4000;13;4025;75;0;4075;0
"Exportation";"Masse en kilogramme";"Ethiopie";0;1106;0;0;0;0;0;0;0;0;0;0;0
"Exportation";"Masse en kilogramme";"Algérie";75;0;15601;3000;10000;2040;175;1400;0;1150;44;14715;0
"Exportation";"Masse en kilogramme";"République dominicaine";32399;0;80872;0;113262;64704;16228;18326;119514;81355;0;29844;0
"Importation";"Valeur en euros";"Total";573173;780696;800990;648229;942466;877366;680537;1135256;559585;903275;910588;917638;698111
"Importation";"Valeur en euros";"Pays-Bas";48804;111551;76108;108185;82215;162797;82662;167217;175760;259062;141742;160354;162657
"Importation";"Valeur en euros";"Allemagne";85770;206312;220811;107976;253257;346332;206650;188523;139851;227274;398697;158721;154352
"Importation";"Valeur en euros";"Italie";169635;45268;135128;138133;157501;88814;77364;155004;48407;104768;128514;126047;133020
"Importation";"Valeur en euros";"Chine";115005;62881;40143;10997;271;51883;53798;2573;383;13871;6191;126678;76980
"Importation";"Valeur en euros";"Autriche";44047;37504;24518;83457;20100;74426;22747;38403;24518;57441;78166;65068;33799
"Importation";"Valeur en euros";"Indonésie";0;0;0;0;61;0;0;0;0;0;0;0;31349
"Importation";"Valeur en euros";"Irlande";0;67600;26371;30382;69640;24364;79240;0;2014;45696;7300;95761;25114
"Importation";"Valeur en euros";"Japon";0;29;180;0;0;0;0;0;0;91242;0;0;25056
"Importation";"Valeur en euros";"Brésil";76;0;47611;0;88877;0;0;454225;0;0;21030;0;14150
"Importation";"Valeur en euros";"Belgique";31151;81672;40364;27711;71590;41372;43593;8318;34275;6367;8608;26231;11813
"Importation";"Valeur en euros";"Turquie";8913;723;0;9094;70000;0;29501;235;0;0;0;0;8301
"Importation";"Valeur en euros";"Retour France";0;18520;12490;51002;18242;69;9232;10140;2172;11290;16766;37322;7704
"Importation";"Valeur en euros";"Finlande";15290;54081;105290;2755;47452;24591;41106;49296;68845;35377;41485;70976;6758
"Importation";"Valeur en euros";"Espagne";1145;13305;34305;24363;30625;7317;15233;43010;7244;39322;11622;27825;5959
"Importation";"Valeur en euros";"Pays non classifiés ailleurs";1422;0;65;1402;0;765;665;16940;1867;427;0;0;675
"Importation";"Valeur en euros";"Royaume-Uni";225;1852;2811;868;24996;0;867;161;682;3036;6195;2208;283
"Importation";"Valeur en euros";"Etats-Unis d Amérique";171;2127;2806;22283;2489;1470;187;1211;1751;30;877;1171;103
"Importation";"Valeur en euros";"Israël";0;0;0;0;0;0;0;0;0;35;0;0;36
"Importation";"Valeur en euros";"Australie";0;0;0;0;0;0;0;0;0;0;0;0;2
"Importation";"Valeur en euros";"Suisse";0;0;2606;5270;5150;0;0;0;0;0;2611;0;0
"Importation";"Valeur en euros";"Danemark";0;0;0;0;0;0;7278;0;0;0;2216;14707;0
"Importation";"Valeur en euros";"Inde";5553;76028;25813;375;0;52779;1690;0;51816;150;25788;785;0
"Importation";"Valeur en euros";"Taďwan";0;0;0;0;0;0;8340;0;0;0;0;0;0
"Importation";"Valeur en euros";"Sučde";0;0;0;9661;0;0;0;0;0;0;0;0;0
"Importation";"Valeur en euros";"Portugal";684;0;0;0;0;0;0;0;0;0;0;0;0
"Importation";"Valeur en euros";"Pologne";0;0;3570;14315;0;387;384;0;0;7887;0;3784;0
"Importation";"Valeur en euros";"Corée du Sud";0;1243;0;0;0;0;0;0;0;0;0;0;0
"Importation";"Valeur en euros";"Liban";45282;0;0;0;0;0;0;0;0;0;0;0;0
"Importation";"Valeur en euros";"Luxembourg";0;0;0;0;0;0;0;0;0;0;12780;0;0
"Importation";"Masse en kilogramme";"Total";224473;214706;246301;218280;238787;253924;174821;218720;105578;180139;172088;206026;235477
"Importation";"Masse en kilogramme";"Pays-Bas";23338;13882;23437;15538;5178;34115;2421;31786;7041;40718;7042;8374;108471
"Importation";"Masse en kilogramme";"Italie";68366;17175;52910;51575;64999;38210;34051;56720;16321;41010;52501;47107;56831
"Importation";"Masse en kilogramme";"Chine";35502;20000;7098;18;45;18108;18365;1005;3;3006;937;42027;25271
"Importation";"Masse en kilogramme";"Autriche";20000;20000;10000;36000;10000;34000;12000;16000;10000;27001;31000;30050;15000
"Importation";"Masse en kilogramme";"Indonésie";0;0;0;0;0;0;0;0;0;0;0;0;10000
"Importation";"Masse en kilogramme";"Turquie";6875;148;0;6899;20000;0;15150;100;0;0;0;0;6750
"Importation";"Masse en kilogramme";"Japon";0;0;0;0;0;0;0;0;0;3100;0;0;3000
"Importation";"Masse en kilogramme";"Belgique";45178;68802;34370;45967;65130;58747;21281;2475;12599;2304;2210;10153;2847
"Importation";"Masse en kilogramme";"Espagne";75;8218;11350;11446;4654;1981;8742;10784;2995;7975;2038;13492;1907
"Importation";"Masse en kilogramme";"Retour France";0;2000;3075;19339;3680;16;1075;1271;1483;1820;3399;8804;1368
"Importation";"Masse en kilogramme";"Brésil";1;0;4800;0;8800;0;0;45600;0;0;2400;0;1200
"Importation";"Masse en kilogramme";"Finlande";4006;15000;36000;1022;8095;10313;10250;19269;26020;15020;8216;23272;1178
"Importation";"Masse en kilogramme";"Allemagne";14385;38695;57761;23635;42458;51110;46088;32699;24712;36015;46787;16540;1036
"Importation";"Masse en kilogramme";"Irlande";0;4000;2720;780;4000;2660;4400;0;160;800;500;4660;580
"Importation";"Masse en kilogramme";"Royaume-Uni";23;211;82;12;388;0;10;6;143;168;227;291;28
"Importation";"Masse en kilogramme";"Israël";0;0;0;0;0;0;0;0;0;10;0;0;10
"Importation";"Masse en kilogramme";"Inde";501;6500;2000;25;0;4530;14;0;4000;0;2000;78;0
"Importation";"Masse en kilogramme";"Danemark";0;0;0;0;0;0;250;0;0;0;100;500;0
"Importation";"Masse en kilogramme";"Suisse";0;0;500;1000;1000;0;0;0;0;0;547;0;0
"Importation";"Masse en kilogramme";"Etats-Unis d Amérique";6;45;138;1273;360;83;14;4;1;0;184;76;0
"Importation";"Masse en kilogramme";"Taďwan";0;0;0;0;0;0;600;0;0;0;0;0;0
"Importation";"Masse en kilogramme";"Luxembourg";0;0;0;0;0;0;0;0;0;0;12000;0;0
"Importation";"Masse en kilogramme";"Liban";6000;0;0;0;0;0;0;0;0;0;0;0;0
"Importation";"Masse en kilogramme";"Corée du Sud";0;30;0;0;0;0;0;0;0;0;0;0;0
"Importation";"Masse en kilogramme";"Portugal";139;0;0;0;0;0;0;0;0;0;0;0;0
"Importation";"Masse en kilogramme";"Pologne";0;0;60;2151;0;50;50;0;0;1114;0;602;0
"Importation";"Masse en kilogramme";"Pays non classifiés ailleurs";78;0;0;100;0;1;60;1001;100;78;0;0;0
"Importation";"Masse en kilogramme";"Sučde";0;0;0;1500;0;0;0;0;0;0;0;0;0
"Fin de fichier"
